depth,fidelity
1,0.015656722285519
2,0.015239758283289712
3,0.5472350431099622
4,0.5247166858681518
5,0.8931481013607561
6,0.8329202024778126
